y_pred,img_name,y_true
0,male/A-lKwfdQzg4.jpg,0
0,male/A-lYbWDJX6E.jpg,0
0,male/A-mdX_en3cY.jpg,0
0,male/A-n1Xixx_nk.jpg,0
0,male/A-n4NE3Upx4.jpg,0
0,male/A-n5JW3pWkE.jpg,0
0,male/A-nAPsPG1To.jpg,0
0,male/A-ojr3N9UnM.jpg,0
0,male/A-p2z1d-aBs.jpg,0
0,male/A-pNf2MaYXA.jpg,0
0,male/A-pTtX9n24k.jpg,0
0,male/A-pk22A_YgQ.jpg,0
0,male/A-qE7nL_tzQ.jpg,0
0,male/AdGyJuGRGWo.jpg,0
0,male/BB4R2wzbg3E.jpg,0
0,male/BB6kVrd2etc.jpg,0
0,male/BB8P6qR29-Y.jpg,0
0,male/BB9JJJ-lmT8.jpg,0
0,male/BD_voFDLazo.jpg,0
1,male/BEAHE69HG9I.jpg,0
0,male/BEBPrzDntVE.jpg,0
0,male/BEr8n3HYohA.jpg,0
0,male/BErFsmLBmzo.jpg,0
0,male/BErKTLBiI1s.jpg,0
1,female/A-lDrEHv_7c.jpg,1
1,female/A-lDrM7vsJ4.jpg,1
1,female/A-lHr3XPywQ.jpg,1
1,female/A-lagnUY2Qs.jpg,1
1,female/A-ljHzioPP4.jpg,1
1,female/A-m0GK8mfsE.jpg,1
1,female/A-m2vXBNzaw.jpg,1
1,female/A-m4qsnlvTY.jpg,1
1,female/A-m6qlR8yFE.jpg,1
1,female/A-mUkEdrzTQ.jpg,1
1,female/A-mZLHGuY3E.jpg,1
1,female/A-mlufXPW8A.jpg,1
1,female/A-n2jO5hrpU.jpg,1
1,female/A-n4Vj9YeN0.jpg,1
1,female/A-n99CnJWPU.jpg,1
1,female/A-nCbD_k__E.jpg,1
1,female/A-nKXTJ6anM.jpg,1
1,female/A-nz5Puc4iY.jpg,1
1,female/A-nz8PRj_vs.jpg,1
1,female/A-oCElFJxnk.jpg,1
0,female/A-oDEY7pp1I.jpg,1
1,female/A-oGc1JjkjQ.jpg,1
1,female/A-oO-BWA1x4.jpg,1
1,female/A-ob_6zfwbY.jpg,1
1,female/A-pDnEn6zaI.jpg,1
1,female/A-pF6YLOJ7g.jpg,1
1,female/A-pTeD41lJs.jpg,1
1,female/A-pYjAevnSs.jpg,1
1,female/A-pYyc50qjk.jpg,1
1,female/A-pml-lkoao.jpg,1
1,female/A-ptU6WdKNI.jpg,1
1,female/A-pzryq0R3Y.jpg,1
1,female/AdDPIqfzZGY.jpg,1
0,female/AdEEIFZ5rO4.jpg,1
0,female/AdFUPZ_f2dQ.jpg,1
1,female/AdG0dfoErOw.jpg,1
1,female/AdGGpo3rLp8.jpg,1
1,female/Ae0mG19ReMU.jpg,1
1,female/Ae3IgeYFU4M.jpg,1
1,female/BB4dTA2u3hE.jpg,1
1,female/BB4tUcxjfrE.jpg,1
0,female/BB5B6yl5zsQ.jpg,1
1,female/BB5ENRjC8us.jpg,1
1,female/BB5ENaHKc4k.jpg,1
1,female/BB5GfyMQLZ0.jpg,1
1,female/BB5LEy_ROdI.jpg,1
1,female/BB6LDLKFgAw.jpg,1
1,female/BB6PvT9Q_fw.jpg,1
1,female/BB6tKMD0qjk.jpg,1
1,female/BB7HWJP8rf0.jpg,1
1,female/BB7vbM_E4s0.jpg,1
1,female/BD-5QPrCkvI.jpg,1
0,female/BD-7izfvV_k.jpg,1
1,female/BD-QDnrqCuo.jpg,1
1,female/BD-bgBNVFcA.jpg,1
1,female/BD-kp8JR1TA.jpg,1
1,female/BD_76FJjcaI.jpg,1
1,female/BD_8VWH_Kqk.jpg,1
1,female/BD_965x4O4A.jpg,1
1,female/BD_MQefg-wg.jpg,1
1,female/BD_MQpTg-wg.jpg,1
1,female/BD_MQrpH8hg.jpg,1
1,female/BD__TrX6tps.jpg,1
1,female/BD_gLItlnUk.jpg,1
1,female/BD_rnqNaIH8.jpg,1
1,female/BEBPQ0hntVE.jpg,1
1,female/BEBPSNpntVE.jpg,1
1,female/BEBPTo1ntVE.jpg,1
1,female/BEnnpSYFLn0.jpg,1
1,female/BEnp7-Ew7LU.jpg,1
1,female/BEnzF1Ymdq0.jpg,1
1,female/BEo8V5TXgao.jpg,1
1,female/BEoDHNjib8Y.jpg,1
1,female/BEpcYKjzCZ8.jpg,1
1,female/BEpeqxdRKDs.jpg,1
1,female/BEpsZgdo2y8.jpg,1
1,female/BEr1ye7U0Yc.jpg,1
0,male/A-m2ov_U9_k.jpg,0
0,male/A-mwjOO-PGY.jpg,0
0,male/A-mxIHfQR8k.jpg,0
1,male/A-mxILDGvSk.jpg,0
0,male/A-n0qtMLia8.jpg,0
0,male/A-ncuodCuEs.jpg,0
1,male/A-nwLMG3hNI.jpg,0
0,male/A-nxfahCuEs.jpg,0
0,male/A-o10pmew0Y.jpg,0
0,male/A-o62sXBffw.jpg,0
0,male/A-o9I-vCuEs.jpg,0
1,male/A-oBYhzeDJ0.jpg,0
0,male/A-oF-FLzRVA.jpg,0
0,male/A-oT6atCuEs.jpg,0
0,male/A-oYmdnfKWs.jpg,0
1,male/A-ocUXFCRhk.jpg,0
1,male/A-ogmCx_iG0.jpg,0
1,male/A-ol7cTietQ.jpg,0
0,male/A-oobe_yFfw.jpg,0
1,male/A-oyD51MXwE.jpg,0
0,male/A-p0DlzCuEs.jpg,0
0,male/A-p484lVhhE.jpg,0
0,male/A-pEJLf6oEE.jpg,0
0,male/A-pKSA9V1L4.jpg,0
1,male/A-pRjMZCuEs.jpg,0
0,male/A-pYut9CuEs.jpg,0
0,male/A-p_9WGLia8.jpg,0
0,male/A-pgIy-aXPo.jpg,0
1,male/A-qGhdZpPSE.jpg,0
1,male/AdEB5iA5YNI.jpg,0
1,male/AdEkIlXLSZc.jpg,0
0,male/AdGLN57BXQA.jpg,0
1,male/AdGbPf7V4jA.jpg,0
0,male/Ae4YodXID9M.jpg,0
0,male/AezToqxZDOY.jpg,0
0,male/AezV4St9ces.jpg,0
1,male/AezcwZiGJVo.jpg,0
1,male/BB664-BCuEs.jpg,0
1,male/BB6Rt0SDxy4.jpg,0
1,male/BB7P1a_tZPI.jpg,0
1,male/BB7SIBFZy7A.jpg,0
1,male/BB7Yw5TKD8U.jpg,0
0,male/BB7_je9CuEs.jpg,0
0,male/BB7imkF9Bi4.jpg,0
0,male/BB7x0nPCuEs.jpg,0
1,male/BB7x134Uyk0.jpg,0
0,male/BB80ihtgcg8.jpg,0
1,male/BB82fIrCuEs.jpg,0
0,male/BB8yQBwgcg8.jpg,0
0,male/BB9NUXNRtqw.jpg,0
0,male/BD_pVDx47tQ.jpg,0
0,male/BD_vmrjCuEs.jpg,0
0,male/BEBPFEJntVE.jpg,0
0,male/BEBPskjntVE.jpg,0
1,male/BEn1YMkai3Q.jpg,0
1,male/BEnTC_vZyA4.jpg,0
0,male/BEncM2tFPSs.jpg,0
0,male/BEpXzUBCuEs.jpg,0
0,male/BEpliN9CuEs.jpg,0
0,male/BEpliPxCuEs.jpg,0
0,male/BEplkxBTaKw.jpg,0
0,male/BEq370dCuEs.jpg,0
0,male/BEqBACoaXPo.jpg,0
0,male/BEqX4xOzYSA.jpg,0
0,male/BEqqM49CuEs.jpg,0
0,male/BEqqNi7dkG0.jpg,0
1,male/BEr-8limJtg.jpg,0
1,male/BEr8mZLCuEs.jpg,0
1,male/BErBJL_BLYs.jpg,0
1,male/BErDbpPSOaU.jpg,0
0,male/BErIAsdZqXg.jpg,0
0,male/BErKTGyzYvA.jpg,0
0,male/BErYCBP4qGQ.jpg,0
0,female/A-lAXnFZ_gY.jpg,1
1,female/A-lEDmCMY_k.jpg,1
1,female/A-lGiLTxuiU.jpg,1
1,female/A-lIXdEp5Co.jpg,1
1,female/A-lJ8GJvX5g.jpg,1
1,female/A-lKLU3Ao1g.jpg,1
1,female/A-lNJPEydyo.jpg,1
1,female/A-lOhObTPb4.jpg,1
1,female/A-lPLIz4Zro.jpg,1
1,female/A-lRRhZoHaw.jpg,1
1,female/A-lRRhob93E.jpg,1
1,female/A-lYbYJQURo.jpg,1
1,female/A-l_0F12Zxw.jpg,1
1,female/A-lnynlxxiM.jpg,1
1,female/A-lv8NxoHaw.jpg,1
0,female/A-lvjaFfJ8c.jpg,1
1,female/A-lykqt5eac.jpg,1
1,female/A-m2vV0fAJQ.jpg,1
1,female/A-m3EvftnLg.jpg,1
1,female/A-m4b6dMkgU.jpg,1
1,female/A-m4roRcdLw.jpg,1
0,female/A-m5-EzgVDI.jpg,1
1,female/A-m6Qcxsicw.jpg,1
1,female/A-mDbs-X1W4.jpg,1
1,female/A-mZLHn7p4E.jpg,1
1,female/A-m_1bdgzXU.jpg,1
1,female/A-m_rOHhCLI.jpg,1
1,female/A-mcIi9uRLs.jpg,1
1,female/A-mcY3BPqcA.jpg,1
1,female/A-mcej1-ltU.jpg,1
1,female/A-mfoW_24hE.jpg,1
1,female/A-mh6EB-mSI.jpg,1
1,female/A-mqxEpRVjg.jpg,1
1,female/A-mueNhS_Eg.jpg,1
1,female/A-mv0CyKSxw.jpg,1
1,female/A-mv52xVwdc.jpg,1
1,female/A-mxznF7g5M.jpg,1
1,female/A-n-L8Jv_7c.jpg,1
1,female/A-n-mpwZSMc.jpg,1
1,female/A-n1qSqAUOc.jpg,1
1,female/A-n4bYBAi1E.jpg,1
1,female/A-n50-7l2J8.jpg,1
1,female/A-n5BoA5oVY.jpg,1
1,female/A-n8jZUKsac.jpg,1
0,female/A-n8kf8wdXk.jpg,1
1,female/A-n989Cp6vs.jpg,1
1,female/A-n9zBl3xyk.jpg,1
1,female/A-nCMxzrHXU.jpg,1
1,female/A-nEQhCzfDE.jpg,1
1,female/A-nH2P7RPJA.jpg,1
1,female/A-nIxSBKCo0.jpg,1
1,female/A-nIxSfRPJA.jpg,1
1,female/A-nJrjbRPJA.jpg,1
1,female/A-nSQhaL2Hk.jpg,1
1,female/A-ndmJhO1JU.jpg,1
1,female/A-np77C8jfY.jpg,1
1,female/A-npVTDbRAM.jpg,1
0,female/A-nr6DS5NtY.jpg,1
1,female/A-nww_jSqtc.jpg,1
0,female/A-nyCd7NHNE.jpg,1
1,female/A-nz5na-GYE.jpg,1
1,female/A-nz5nttbKc.jpg,1
1,female/A-o8bGjv5AM.jpg,1
1,female/A-oC16xpp1I.jpg,1
1,female/A-oCksuL2Hk.jpg,1
1,female/A-oED8d1Zwc.jpg,1
1,female/A-oF-E1ppeA.jpg,1
1,female/A-oGNZ1Qf4s.jpg,1
1,female/A-oGczpo4qs.jpg,1
0,female/A-oInjP2nOg.jpg,1
1,female/A-oLMoF5a_4.jpg,1
1,female/A-oLv13N9NU.jpg,1
1,female/A-oNlgzUirc.jpg,1
1,female/A-oS5UnmQ1o.jpg,1
1,female/A-oT9U8yWxc.jpg,1
1,female/A-oTWq6rQpA.jpg,1
1,female/A-oUFsDXi1g.jpg,1
1,female/A-oWcD2xuJs.jpg,1
1,female/A-oWovmfBnQ.jpg,1
1,female/A-oY7Ekjm8g.jpg,1
1,female/A-oZdfFELQQ.jpg,1
1,female/A-o_giBPSk8.jpg,1
1,female/A-oavnouw9M.jpg,1
1,female/A-ogm6BCFYE.jpg,1
1,female/A-ojr3gWuLE.jpg,1
1,female/A-oljZ1mQ1o.jpg,1
1,female/A-on_DDzhhQ.jpg,1
1,female/A-oqRYHqIHA.jpg,1
1,female/A-oqg04oQH4.jpg,1
1,female/A-ozBRLLZkc.jpg,1
1,female/A-p5LkCe3s4.jpg,1
1,female/A-p5nm5nWbo.jpg,1
1,female/A-p7nLV8QFY.jpg,1
1,female/A-pC7C10xsQ.jpg,1
1,female/A-pEJK_yZBY.jpg,1
1,female/A-pEYFzmHs0.jpg,1
1,female/A-pFp2RRKq0.jpg,1
1,female/A-pGO9V13lI.jpg,1
1,female/A-pIbaL1MNw.jpg,1
0,female/A-pJIRQKj-Y.jpg,1
1,female/A-pLJ6JLOV0.jpg,1
1,female/A-pM3jdrRVk.jpg,1
0,female/A-pSJyLjpWg.jpg,1
1,female/A-pSYNy1mFI.jpg,1
1,female/A-pUnr5L0jw.jpg,1
1,female/A-pj-1FhEt4.jpg,1
1,female/A-pmjgR6tAk.jpg,1
1,female/A-ponG2jEVY.jpg,1
1,female/A-pvTaNcyjk.jpg,1
0,female/A-pwPHX0K6A.jpg,1
0,female/A-pxMPNhw-o.jpg,1
1,female/A-pyVCwREyw.jpg,1
1,female/A-pyyW40R3Y.jpg,1
1,female/A-pzEOHhxlI.jpg,1
1,female/A-pzjUwBQi0.jpg,1
1,female/A-qCrvRg2vc.jpg,1
1,female/A-qFeY3CqTk.jpg,1
1,female/A-qG473C6eo.jpg,1
1,female/A-qGWiO4-M0.jpg,1
1,female/AdD2bklERmE.jpg,1
1,female/AdD2hDs1IRQ.jpg,1
1,female/AdDvoc70akM.jpg,1
1,female/AdE40DdqHug.jpg,1
1,female/AdECErKQtOM.jpg,1
1,female/AdEx74E0akM.jpg,1
1,female/AdFI2CJGpIY.jpg,1
1,female/AdFNaK3lEvI.jpg,1
1,female/AdFUfzMeu7I.jpg,1
0,female/AdFdca9td0g.jpg,1
1,female/AdFyKO98w6M.jpg,1
1,female/AdG0oXlp4Lk.jpg,1
1,female/AdGI6CLM2AQ.jpg,1
1,female/AdGLe6eKpV0.jpg,1
1,female/AdGNIttrG7E.jpg,1
1,female/Ae04Yf78w6M.jpg,1
1,female/Ae04bFt8w6M.jpg,1
1,female/Ae0mBVvlttI.jpg,1
1,female/Ae0mRyRgdZg.jpg,1
1,female/Ae0mTq31Rj4.jpg,1
0,female/Ae0mUYf1LZc.jpg,1
1,female/Ae16g5xCN5I.jpg,1
0,female/Ae1PL91L2Hk.jpg,1
1,female/Ae1PQmL1LZc.jpg,1
1,female/Ae1fBtb3leU.jpg,1
1,female/Ae29Ih6L2Hk.jpg,1
1,female/Ae2IQCpF_Zg.jpg,1
1,female/Ae2PRvHSFA8.jpg,1
1,female/Ae2mK-vReMU.jpg,1
1,female/Ae34n9tm-9U.jpg,1
1,female/Ae3M6YXJSjI.jpg,1
1,female/Ae3WQcLReMU.jpg,1
1,female/Ae3WVWNgdZg.jpg,1
1,female/Ae3faLzTgpw.jpg,1
1,female/BB42eW9Ueb8.jpg,1
1,female/BB47DV1I5oU.jpg,1
1,female/BB4K_OFS7rA.jpg,1
1,female/BB4V59w9IR8.jpg,1
1,female/BB4bAnn-7Ho.jpg,1
1,female/BB4oviax6aA.jpg,1
1,female/BB50QAD13lI.jpg,1
1,female/BB54nYK4fq0.jpg,1
1,female/BB59bozxsLA.jpg,1
1,female/BB5FGaHBn_U.jpg,1
1,female/BB5dYoKSYYI.jpg,1
1,female/BB5kQHL6ZGY.jpg,1
1,female/BB5mitXgrjU.jpg,1
1,female/BB5taAi9nxs.jpg,1
1,female/BB5x--VQp9Y.jpg,1
0,female/BB648KIALwo.jpg,1
1,female/BB664xhCN5I.jpg,1
0,female/BB6I36dh8uM.jpg,1
1,female/BB6KmsLS848.jpg,1
1,female/BB6OQt9ez2E.jpg,1
1,female/BB6RARnSZZM.jpg,1
1,female/BB6SBw1C9QE.jpg,1
1,female/BB6Tw3DOQm0.jpg,1
1,female/BB6UcIbBR00.jpg,1
1,female/BB6W9Y5myXo.jpg,1
1,female/BB6mucbUIws.jpg,1
1,female/BB6o6vNmYOE.jpg,1
1,female/BB6vyRmLlvk.jpg,1
1,female/BB6vySNmFEQ.jpg,1
0,female/BB7HWBPv8Hw.jpg,1
0,female/BB7LQfmYcoQ.jpg,1
0,female/BB7Ni7nD2Iw.jpg,1
1,female/BB7SICIy8cI.jpg,1
1,female/BB7SIFKBfvk.jpg,1
1,female/BB7Y-qHZvtE.jpg,1
1,female/BB7_kMwJeFw.jpg,1
1,female/BB7amjmqZVI.jpg,1
1,female/BB7iKMTaCVQ.jpg,1
0,female/BB7kclNdQUw.jpg,1
1,female/BB7kclyB0yI.jpg,1
1,female/BB7kcpUsw5I.jpg,1
1,female/BB7pAZnxXb8.jpg,1
1,female/BB80ikHHGd4.jpg,1
1,female/BB8ZEneM3v0.jpg,1
0,female/BB8bCyX1SiU.jpg,1
0,female/BB8f8JKJ36U.jpg,1
1,female/BB8m2FVNA_k.jpg,1
1,female/BB8trAQuehc.jpg,1
1,female/BB8v9dsj95g.jpg,1
1,female/BB8v9id_ShM.jpg,1
1,female/BD-0rl7lEHM.jpg,1
1,female/BD-EnVq0y8U.jpg,1
1,female/BD-EnZhqxco.jpg,1
1,female/BD-EnbaKbSQ.jpg,1
0,female/BD-LNYB0MLw.jpg,1
1,female/BD-PeWdnl6c.jpg,1
0,female/BD-UotAJDBg.jpg,1
1,female/BD-gFFbvsJ4.jpg,1
0,female/BD-yY2V9nxs.jpg,1
1,female/BD_0xvK1_EQ.jpg,1
1,female/BD_5V34rzpw.jpg,1
1,female/BD_74oXqpEo.jpg,1
1,female/BD_7oYjaWW8.jpg,1
1,female/BD_963aMugY.jpg,1
1,female/BD_GaCnnl6c.jpg,1
0,female/BD_Gawxtkd0.jpg,1
1,female/BD_JRuFVPJA.jpg,1
1,female/BD_MBbBR5NQ.jpg,1
1,female/BD_MeqRI7Nc.jpg,1
1,female/BD_Sb461UbA.jpg,1
1,female/BD_Uua2VKVg.jpg,1
1,female/BD__TqoMJ5g.jpg,1
1,female/BEAANinK9IM.jpg,1
1,female/BEACf0T96kQ.jpg,1
1,female/BEAHE1pyY0E.jpg,1
1,female/BEAHEzJowfw.jpg,1
1,female/BEAI8e0-TTA.jpg,1
1,female/BEAJXVTVXZk.jpg,1
1,female/BEALFiVYeN0.jpg,1
1,female/BEALp6pGxXI.jpg,1
0,female/BEAMl4XQ36o.jpg,1
1,female/BEAQO2nLvo8.jpg,1
1,female/BEAShWDn1V0.jpg,1
1,female/BEn-iJT5eac.jpg,1
1,female/BEn-iRKL4yg.jpg,1
1,female/BEn1YWXM46s.jpg,1
1,female/BEn3qt9-dek.jpg,1
1,female/BEn8Pp2nHXw.jpg,1
1,female/BEn8PqbHb_c.jpg,1
1,female/BEnQwh91M8A.jpg,1
1,female/BEnVVd8HiPs.jpg,1
1,female/BEnZ6Y3UIws.jpg,1
1,female/BEncON5tkd0.jpg,1
0,female/BEnnpTfILa8.jpg,1
1,female/BEnsOR-bv-U.jpg,1
1,female/BEo-nv0Izpg.jpg,1
1,female/BEo8X5nteos.jpg,1
1,female/BEoWdMlCfDk.jpg,1
1,female/BEoXtf4ntTU.jpg,1
0,female/BEoek-2N020.jpg,1
1,female/BEoqBYh3EAU.jpg,1
1,female/BEoqBajlNak.jpg,1
1,female/BEosq1olBPg.jpg,1
1,female/BEosqznbZDA.jpg,1
1,female/BEoumXNEZGE.jpg,1
1,female/BEow4249nxs.jpg,1
1,female/BEp305vIKMg.jpg,1
1,female/BEpHxr3h8uM.jpg,1
1,female/BEpKEjLYCZo.jpg,1
1,female/BEpKEl51LZc.jpg,1
1,female/BEpKGYfdv2w.jpg,1
1,female/BEpTOMhFl98.jpg,1
1,female/BEpTOOEiU-o.jpg,1
1,female/BEpTOUbBLak.jpg,1
1,female/BEpX0FWMJ5g.jpg,1
1,female/BEpXzLlnl6c.jpg,1
0,female/BEpaF07wCME.jpg,1
1,female/BEpsZlthVOA.jpg,1
1,female/BEq1pFJ95Tw.jpg,1
1,female/BEq1pFs5cEQ.jpg,1
1,female/BEqDSgZrSk0.jpg,1
1,female/BEqRBVswjFY.jpg,1
1,female/BEqTTuReolA.jpg,1
1,female/BEqaLMVfl7c.jpg,1
0,female/BEqcg4JMq3A.jpg,1
1,female/BEqsfFEE-3Q.jpg,1
1,female/BEr1yW8KZGU.jpg,1
1,female/BEr4E7Dgitk.jpg,1
1,female/BEr6XhFsYX4.jpg,1
0,female/BErTZrdCuEs.jpg,1
1,female/BEr_adm-Ac4.jpg,1
0,female/BErzf9TTRrk.jpg,1
0,female/BEsDhU36Bww.jpg,1
1,female/BEsFz4r8t3g.jpg,1
1,female/BEsKZG02vMU.jpg,1
1,female/BEsMrahNxY8.jpg,1
1,female/BEsO95ljMVM.jpg,1
1,female/BEsYEZF0qjk.jpg,1
1,female/BEsYHtdoSPM.jpg,1
1,female/BEsYHuMdXO8.jpg,1
